name,year_week,issue_num,label
penev92,201518,7426,2
LipkeGu,20156,7427,2122
Unit158,20156,7427,00
Phrohdoh,20156,7427,222
pchote,20156,7427,22
Mailaender,20156,7427,2
Unit158,201534,7427,2
Mailaender,201534,7427,2
obrakmann,20156,7428,2
cjshmyr,20156,7429,1
chrisforbes,20156,7429,2
dan9550,20156,7429,2
penev92,20156,7429,0
Phrohdoh,20156,7429,2
Phrohdoh,20156,7430,22
Rydra,20156,7430,1222
Mailaender,20156,7430,22
RoosterDragon,20156,7430,11
Rydra,20157,7430,0221211122
pchote,20157,7430,20
LipkeGu,20157,7430,2
Micr0Bit,20157,7430,022
penev92,20157,7430,1
deniz1a,20157,7430,2
LipkeGu,20158,7430,2
Rydra,20158,7430,2
Mailaender,20156,7432,2
LipkeGu,20156,7432,22
LipkeGu,20157,7432,2
pchote,20157,7432,2
penev92,20157,7433,2
Nelax,20157,7433,20
abcdefg30,20157,7433,2
obrakmann,20157,7433,0
Nelax,20158,7433,222
Mailaender,20158,7433,22
abcdefg30,201510,7433,2
Nelax,201510,7433,0
Nelax,201511,7433,0
pchote,20175,7433,2
penev92,20156,7434,2
deniz1a,20156,7434,00
Mailaender,20156,7435,2
obrakmann,20156,7435,2
obrakmann,20156,7436,20
ScottNZ,20156,7436,22
penev92,20157,7436,2
obrakmann,20157,7436,2
Mailaender,20157,7436,1
obrakmann,20156,7437,1
abcdefg30,20156,7437,2
Mailaender,20156,7437,2
42foobar42,20157,7437,22221
abcdefg30,20157,7437,220
obrakmann,20157,7437,21
xan2622,20157,7438,2
MunWolf,20157,7438,2
Phrohdoh,20159,7438,2
Mailaender,20156,7439,2
ScottNZ,20157,7439,22
Mailaender,20157,7439,22
obrakmann,20157,7439,2
penev92,20157,7439,2
ihptru,20158,7439,2
Mailaender,20156,7440,222
pchote,20156,7440,0
JohnnyXP64,20156,7440,0002
Unit158,20156,7440,0
Phrohdoh,20156,7440,2
pchote,20157,7440,1
JohnnyXP64,20157,7440,1
Mailaender,20157,7440,2
LipkeGu,20158,7440,2
JohnnyXP64,20158,7440,0
abcdefg30,20158,7440,2
pchote,201511,7440,0
Mailaender,20156,7441,2
pchote,20156,7441,2
huwpascoe,20156,7441,222
LipkeGu,20157,7441,2
chrisforbes,20157,7441,0
pchote,20157,7441,1
huwpascoe,20157,7441,2
pchote,201511,7441,2
pevers,20159,7442,2202
penev92,20159,7442,11
jabbink,20159,7442,0
obrakmann,20159,7442,2
chrisforbes,20159,7442,2
Phrohdoh,201511,7442,2
Mailaender,20156,7443,2
karona75,20157,7444,222
xan2622,20157,7444,2
Unit158,20157,7444,2
Phrohdoh,20156,7445,220
jwbuurlage,20156,7445,10
Mailaender,20157,7445,22
obrakmann,20157,7445,21
Phrohdoh,20157,7446,2
atimoschenkow,20157,7446,2
Mailaender,20157,7446,1
obrakmann,20157,7446,21
jabbink,20159,7447,22
pevers,20159,7447,1
penev92,20159,7447,1
xan2622,20157,7448,2
karona75,20157,7448,2
obrakmann,20157,7448,2
LipkeGu,20158,7448,22
xan2622,20158,7448,2
Phrohdoh,20157,7449,2
penev92,20157,7449,22
Mailaender,20157,7449,22
DaveAxiom,20157,7449,20
Unit158,20157,7449,0
Micr0Bit,20157,7449,0
pchote,20157,7450,2
Computerfreaked,20157,7450,1
pchote,201547,7451,2222
rmoriz,201547,7451,2
Mailaender,20157,7452,222
penev92,20157,7452,22
xan2622,20157,7452,2
MustaphaTR,20157,7452,2
pchote,20157,7452,222
Nelax,20157,7453,202
chrisforbes,20157,7453,2
Computerfreaked,20157,7453,2
obrakmann,201545,7453,2
Nelax,20157,7454,00
Computerfreaked,20157,7454,2
obrakmann,20157,7454,2
Unit158,201522,7454,2
obrakmann,201522,7454,0
obrakmann,201712,7454,2
pchote,201547,7455,2
Phrohdoh,20157,7456,22
pchote,20157,7456,20
Mailaender,20157,7456,2
penev92,20157,7456,2
rappo,20157,7456,11
Phrohdoh,20157,7457,2
pchote,20157,7457,122202
Mailaender,20157,7457,202222
penev92,20157,7457,2
penev92,20158,7457,2
ihptru,20157,7458,2
obrakmann,20157,7458,2
pchote,20157,7458,22
Mailaender,20157,7458,212
ghost,20158,7458,1
SoScared,20158,7458,2
Mailaender,201528,7458,2
penev92,20157,7459,2
Mailaender,20157,7460,2222
pchote,20157,7460,220
obrakmann,20157,7460,222
Mailaender,20157,7461,222222
Nelax,20157,7461,2
pchote,20157,7461,2222
pchote,20158,7461,222
Mailaender,20158,7461,222
reaperrr,20158,7461,2
obrakmann,20158,7461,10
Mailaender,20157,7462,2
abcdefg30,20158,7462,2
Mailaender,20158,7462,2
Smith00101010,20157,7463,22222
Phrohdoh,20157,7463,2
Mailaender,20157,7463,222
obrakmann,20157,7463,020
obrakmann,20158,7463,2
pchote,201511,7463,2
Smith00101010,201511,7463,0
Smith00101010,201513,7463,22
Mailaender,201513,7463,22
Smith00101010,201516,7463,2
abcdefg30,201516,7463,2
obrakmann,201516,7463,0
penev92,201517,7463,2
Phrohdoh,20157,7464,0
Unit158,20157,7465,22
GeertJohan,20157,7465,02
ihptru,20157,7465,0
LipkeGu,20157,7465,2
MustaphaTR,20157,7466,1
Unit158,20157,7466,2
cjshmyr,20157,7466,2
Phrohdoh,20157,7466,2
Phrohdoh,20159,7466,2
penev92,201519,7466,2
xan2622,201521,7466,2
xan2622,201526,7466,2
GraionDilach,201526,7466,22
penev92,201526,7466,2
GeertJohan,20157,7467,202
ScottNZ,20157,7467,2
pchote,20157,7467,2
penev92,20157,7467,2
Phrohdoh,20157,7467,21
penev92,20157,7468,2222
MunWolf,20157,7468,1
Mailaender,20157,7468,2
obrakmann,20159,7468,20
pchote,20159,7468,2
pchote,201511,7468,2
pchote,201512,7468,2
penev92,201513,7468,2
MustaphaTR,20157,7469,2
penev92,20157,7469,2
matija-hustic,201521,7469,2
Phrohdoh,201521,7469,2
penev92,201524,7469,2
xan2622,20157,7470,0
penev92,20157,7471,2
Mailaender,20157,7471,1
pevers,20158,7472,2
obrakmann,20157,7473,22
xan2622,20157,7474,2222
Phrohdoh,20157,7474,222
penev92,20157,7474,02
Mailaender,20157,7474,01222
pchote,20157,7474,22
dan9550,20158,7474,022
xan2622,20158,7474,102
Mailaender,20158,7474,22
Phrohdoh,20158,7474,2
xan2622,20159,7474,2
Mailaender,20159,7474,22
Phrohdoh,20159,7474,2
xan2622,201512,7474,2
abcdefg30,20157,7475,11
Mailaender,20157,7475,2
pchote,20157,7475,2
obrakmann,20159,7475,222
abcdefg30,20159,7475,21
Mailaender,201510,7475,2
pchote,201514,7475,2
Unit158,201517,7475,2
abcdefg30,201517,7475,2
pchote,201517,7475,2
abcdefg30,201518,7475,222
Phrohdoh,201518,7475,2
pchote,201518,7475,12
obrakmann,201518,7475,1
abcdefg30,20157,7476,2
abcdefg30,20158,7476,2
pchote,20158,7476,0
Phrohdoh,20158,7476,2
obrakmann,20159,7476,01
abcdefg30,20159,7476,2
abcdefg30,201510,7476,2
Phrohdoh,201510,7476,2
Mailaender,201510,7476,2
Phrohdoh,201511,7476,12
Mailaender,20157,7477,20
pchote,20157,7477,222
Mailaender,20158,7477,22
pchote,20158,7477,2222
penev92,20158,7477,02
penev92,20159,7477,22
pchote,20159,7477,22
Mailaender,20159,7477,222
penev92,201510,7477,02
obrakmann,201510,7477,22
pchote,201510,7477,2
deniz1a,20157,7478,2
Phrohdoh,20157,7478,2
Unit158,20157,7478,2
GeertJohan,20157,7478,2
chrisforbes,20157,7478,2
elegantandrogyne,201514,7478,0
MustaphaTR,201514,7478,2
RoosterDragon,20158,7479,2
obrakmann,20158,7479,2022
Mailaender,20158,7479,22
Mailaender,20158,7480,2
penev92,20157,7481,2
deniz1a,20157,7481,2
Mailaender,20158,7482,2
reaperrr,20158,7483,022
pchote,20158,7483,222
Mailaender,20158,7483,222
Unit158,20158,7484,2
pchote,20158,7484,0
Mailaender,20158,7484,2
xan2622,20158,7485,2
penev92,20158,7485,02
LipkeGu,20158,7485,2
dan9550,20158,7485,2
Nelax,20158,7485,2
pchote,201547,7485,2
penev92,20158,7486,22
pchote,20158,7486,2
Phrohdoh,20158,7486,2
pevers,20158,7486,12
obrakmann,20158,7486,2
Micr0Bit,20158,7487,22
abcdefg30,20158,7487,02
obrakmann,20158,7487,2
pchote,20158,7487,1
deniz1a,20158,7487,2
penev92,20158,7487,1
obrakmann,20159,7487,22
chrisforbes,20158,7488,22
pchote,20158,7488,22
Phrohdoh,20158,7489,2
LipkeGu,20158,7490,2
epicelite,20158,7490,2
penev92,20158,7490,2
Phrohdoh,20158,7490,2
Mailaender,201547,7490,2
penev92,20158,7492,22122
Computerfreaked,20158,7492,2
pchote,20158,7492,2
Mailaender,201511,7492,2
penev92,201511,7492,2
obrakmann,201511,7492,1
abcdefg30,201512,7492,2
Mailaender,201512,7492,222
penev92,201512,7492,2
LipkeGu,20158,7494,1
ihptru,20158,7494,22
blarg227,20158,7494,1
pchote,201519,7494,2
reaperrr,20158,7495,2
Mailaender,20158,7495,1
penev92,20158,7495,2
penev92,20158,7496,222
Computerfreaked,20158,7496,02
pchote,20158,7496,2
SoScared,20158,7497,1
Mailaender,20158,7497,2
LipkeGu,20158,7498,0
pchote,20158,7498,2
pevers,20159,7498,02
penev92,20159,7498,22
pevers,20159,7499,2
penev92,201515,7499,22
reaperrr,201515,7499,2
Phrohdoh,20158,7500,2
penev92,20158,7501,1
LipkeGu,20158,7501,2
Nelax,20158,7501,21
Mailaender,20158,7501,1
obrakmann,20159,7501,2020
Nelax,20159,7501,2012
obrakmann,201510,7501,2
Mailaender,201510,7501,1
Nelax,201510,7501,1
SilverlineDev,201513,7501,222
chrisforbes,201513,7501,2
obrakmann,201513,7501,2
Nelax,201514,7501,0
obrakmann,20158,7502,2
LipkeGu,20158,7502,1
Mailaender,201527,7502,2
penev92,20158,7503,2222
epicelite,20158,7503,20
Micr0Bit,20158,7503,20220222
obrakmann,20158,7503,2
kyrylo,20158,7503,0
pi99y,20158,7503,21
cjshmyr,20158,7503,1
ScottNZ,20158,7503,22
Nelax,20158,7503,2
pchote,20159,7503,2
Micr0Bit,201514,7503,2
RoosterDragon,20158,7504,20
abcdefg30,20158,7504,2
LipkeGu,20158,7504,2
jabbink,20159,7504,2
abcdefg30,20159,7504,1
Mailaender,20158,7505,2
UberWaffe,20158,7506,2
penev92,20158,7506,2
Micr0Bit,20158,7506,2
pevers,20158,7506,1
Micr0Bit,201535,7506,2
pi99y,201540,7506,2
pi99y,201547,7506,2
pchote,201547,7506,2
ghost,201630,7506,2
pi99y,201649,7506,1
abcdefg30,201649,7506,2
Mailaender,201650,7506,2
GraionDilach,201650,7506,0
pi99y,201650,7506,1
ibrokemypie,20175,7506,2
abcdefg30,20191,7506,2
Unit158,20158,7507,221
pevers,20158,7507,2220
pchote,20158,7507,12
obrakmann,20158,7507,21
penev92,20158,7507,2
Phrohdoh,20158,7507,2
Mailaender,20158,7507,2
pchote,20158,7509,2
Phrohdoh,20158,7509,2
reaperrr,20158,7509,2
reaperrr,201514,7509,2
GraionDilach,201527,7509,2
reaperrr,201527,7509,0
pchote,201547,7509,2
Phrohdoh,20158,7510,2
DeadlySurprise,20158,7510,2
Mailaender,20158,7510,2
obrakmann,20158,7510,22
Mailaender,20159,7510,2
Mailaender,201510,7510,22
Mailaender,201511,7510,22
abcdefg30,20158,7511,2
pchote,20158,7511,2
obrakmann,20158,7511,2
penev92,20159,7511,2
penev92,20158,7512,2
kyrreso,20158,7512,2
Mailaender,201735,7512,2
kyrreso,201738,7512,2
GraionDilach,201738,7512,0
Mailaender,201738,7512,2
penev92,20158,7513,02
chrisforbes,20158,7513,0
Phrohdoh,20158,7513,1
reaperrr,20158,7513,2
Unit158,20159,7513,2
reaperrr,20159,7513,20
penev92,20159,7513,2
pchote,20159,7513,2
Mailaender,20158,7514,2
penev92,20159,7514,0
pchote,20158,7515,2
obrakmann,20158,7515,2
LipkeGu,20159,7515,2
GeertJohan,20159,7515,22
obrakmann,20158,7516,2
pchote,20158,7516,2
penev92,20158,7516,2
reaperrr,20158,7516,2
Mailaender,20158,7516,2
pchote,20158,7517,2
obrakmann,20158,7517,2
epicelite,20158,7518,2
penev92,20158,7518,2
deniz1a,20158,7518,2
Mailaender,20158,7519,2
penev92,20159,7519,2
pchote,20158,7520,2
pchote,201540,7520,222
Mailaender,201540,7520,2
pchote,201614,7520,2
jabbink,20158,7521,2
Mailaender,20159,7521,2
obrakmann,20159,7521,22
Mailaender,20158,7522,2
obrakmann,201510,7522,0
pevers,201510,7522,2
Mailaender,201510,7522,21
deniz1a,20158,7523,2
penev92,20158,7523,2
LipkeGu,20158,7523,2
Mailaender,20159,7523,2
LipkeGu,20159,7523,2
Mailaender,20163,7523,2
Mailaender,20159,7524,22
penev92,201510,7524,202
Phrohdoh,201510,7524,2
obrakmann,201510,7524,1
Mailaender,201510,7524,2
abcdefg30,201510,7524,2
penev92,201511,7525,2
obrakmann,201511,7525,2
penev92,201512,7525,222
abcdefg30,201512,7525,0
Mailaender,201512,7525,22
pchote,20159,7526,222
penev92,20159,7526,2
Mailaender,20159,7526,22
penev92,201511,7526,22
Phrohdoh,201511,7526,20
ScottNZ,201511,7526,2
Mailaender,201512,7526,2
pchote,201512,7526,0
penev92,201512,7526,2
Phrohdoh,201512,7526,2
Mailaender,201735,7526,2
Phrohdoh,20159,7527,2
obrakmann,20159,7527,22
pevers,20159,7528,1
Phrohdoh,20159,7528,20
jabbink,20159,7528,02
deniz1a,20159,7528,2
penev92,20159,7528,2
Mailaender,201511,7528,022
Phrohdoh,201511,7528,2
jabbink,201511,7528,2
obrakmann,201511,7528,22
jabbink,20159,7529,222
Micr0Bit,20159,7529,2
Phrohdoh,20159,7529,2
chrisforbes,20159,7529,2
jabbink,201510,7529,2
obrakmann,201511,7529,2
Mailaender,201512,7529,22
pevers,20159,7530,2
chrisforbes,20159,7531,2
obrakmann,20159,7531,12
obrakmann,20159,7532,2
penev92,20159,7532,2
obrakmann,20159,7533,2
reaperrr,20159,7533,2
reaperrr,201510,7533,2
Phrohdoh,201510,7533,2
Mailaender,20159,7534,22
42foobar42,201510,7534,2
Mailaender,201512,7534,2
penev92,201516,7534,00
obrakmann,201516,7534,22
42foobar42,201516,7534,01
abcdefg30,201516,7534,2
Mailaender,201516,7534,2
abcdefg30,201517,7534,2122
42foobar42,201517,7534,012
penev92,201517,7534,2
Mailaender,201517,7534,212
penev92,20159,7535,2
obrakmann,20159,7535,2
Snurre86,201520,7536,2
Snurre86,20161,7536,2
obrakmann,20159,7537,2
Snurre86,20159,7537,2
cjshmyr,20159,7538,2
Mailaender,201512,7538,2
penev92,201512,7538,20
cjshmyr,201512,7538,12
erkro1,201512,7538,1
MustaphaTR,201512,7538,2
abcdefg30,201512,7538,22
cjshmyr,201514,7538,22
obrakmann,201514,7538,2
abcdefg30,201515,7538,22
penev92,201518,7538,202
pchote,201518,7538,222
Mailaender,201518,7538,2
abcdefg30,201518,7538,2
cjshmyr,201518,7538,2222
obrakmann,201518,7538,2
Phrohdoh,201518,7538,2
pchote,201519,7538,0
pevers,20159,7539,2
abcdefg30,20159,7539,0
ghost,20159,7539,2
penev92,20159,7539,2
Snurre86,201520,7539,2
Snurre86,20161,7539,2
fgdzfggsfgsfgsf,20165,7539,2
Codes4Fun,20166,7539,02
Snurre86,201647,7539,2
obrakmann,20159,7540,2
Mailaender,20159,7540,2
penev92,20159,7540,2
obrakmann,201510,7541,0
pchote,201510,7541,0
obrakmann,201511,7541,2
abcdefg30,201512,7541,1
penev92,201512,7541,20222
Mailaender,201512,7541,20
DeadlySurprise,201511,7542,2
obrakmann,201511,7542,2
Phrohdoh,201511,7542,222
Mailaender,201511,7542,22
Mailaender,20159,7543,22
RoosterDragon,20159,7543,22
LipkeGu,20159,7543,2
huwpascoe,20159,7543,2
RoosterDragon,201511,7543,200
penev92,201511,7543,22
huwpascoe,201511,7543,0
pchote,201511,7543,1
RoosterDragon,20159,7544,12
pevers,20159,7544,1112
obrakmann,20159,7544,2
pevers,201510,7544,122
obrakmann,201510,7544,121
penev92,20159,7545,0
Snurre86,20159,7545,2
reaperrr,201511,7545,2
Snurre86,201647,7545,11
pchote,201647,7545,2
Snurre86,201712,7545,2
Snurre86,201520,7546,2
atimoschenkow,201530,7546,2
pchote,20159,7547,2
Phrohdoh,20159,7547,2
penev92,20159,7547,22
pevers,20159,7547,2
penev92,20159,7548,2
deniz1a,20159,7548,2
chrisforbes,20159,7549,2
AoAGeneral,201510,7549,0
AoAGeneral,201517,7549,2
Mailaender,201523,7549,2
Phrohdoh,20159,7550,2
Nelax,20159,7550,2
penev92,20159,7551,2
Phrohdoh,20159,7551,1
Phrohdoh,201514,7551,2
penev92,201519,7551,2
penev92,201541,7551,2
pchote,201635,7551,2
Phrohdoh,20159,7552,22
penev92,20159,7552,002
pchote,20159,7552,2
LipkeGu,20159,7552,2
Nelax,20159,7552,2
abcdefg30,20159,7553,1
pchote,20159,7554,2
Mailaender,20159,7554,2
obrakmann,20159,7554,12
pchote,20159,7555,02
besuikerd,20159,7555,212
Mailaender,20159,7555,2
Phrohdoh,20159,7555,2
penev92,20159,7555,01
obrakmann,20159,7555,01
Phrohdoh,20159,7556,22
chrisforbes,20159,7556,2
LipkeGu,20159,7556,2
MustaphaTR,20159,7556,2
hypercube33,201542,7556,2
Nelax,20159,7557,2
Micr0Bit,20159,7557,2
penev92,20159,7557,22
christopherSlavik,20159,7557,2
Phrohdoh,20159,7557,2
MustaphaTR,20159,7557,1
Mailaender,20159,7557,2
Phrohdoh,20159,7558,2
penev92,20159,7558,22
pchote,20159,7558,22
pchote,201547,7558,2
penev92,201548,7558,2
reaperrr,201642,7558,2
MustaphaTR,201642,7558,2
penev92,20159,7559,22202
Nelax,20159,7559,021
Freddiie,20159,7559,12
Sithil-F,20159,7559,2
dan9550,201510,7559,2
Nelax,201510,7559,0
LipkeGu,201510,7559,2
penev92,201510,7559,2
Phrohdoh,201510,7559,2
penev92,201512,7559,2
Freddiie,201512,7559,2
MunWolf,201513,7559,2
penev92,201516,7559,2
hkhf12,201516,7559,2
pchote,201520,7559,2
Mailaender,20159,7560,2
RoosterDragon,20159,7560,0
pchote,20159,7560,2
RoosterDragon,201511,7560,2
Mailaender,201512,7560,2
pchote,201512,7560,22
Mailaender,20159,7561,222
pchote,20159,7561,22
RoosterDragon,20159,7561,2
Rydra,20159,7561,2
obrakmann,201510,7561,2
RoosterDragon,201511,7561,2
penev92,201512,7561,1
Mailaender,201512,7561,12
abcdefg30,20159,7562,2
Mailaender,20159,7562,2
obrakmann,20159,7562,22
penev92,201510,7563,2
ScottNZ,201510,7563,1
Snurre86,201511,7563,2
Snurre86,201518,7563,2
penev92,20159,7564,2
obrakmann,20159,7564,2
Rydra,20159,7565,220
LipkeGu,20159,7565,12
pchote,20159,7565,0
MunWolf,20159,7565,2
penev92,201510,7565,22
Rydra,201510,7565,22121
MunWolf,201510,7565,2
pchote,201510,7565,0
Mailaender,201512,7565,2
Rydra,201512,7565,2
Rydra,201513,7565,2022
pchote,201513,7565,02
Unit158,201513,7565,0
RoosterDragon,201513,7565,0
huwpascoe,201513,7565,02
Mailaender,201513,7565,21
penev92,20159,7566,2
deniz1a,20159,7566,2220202
pchote,20159,7566,222
LipkeGu,20159,7566,2
Mailaender,20159,7566,222
pchote,20199,7566,2
pevers,20159,7567,2
LipkeGu,20159,7567,2
penev92,20159,7567,2
Snurre86,201510,7567,2
penev92,201510,7567,02
pevers,201510,7567,2
Phrohdoh,201510,7567,2
pchote,201510,7567,2
Micr0Bit,20159,7568,2
Mailaender,20159,7568,2
Mailaender,201523,7568,2
chrisforbes,20159,7569,2
obrakmann,201510,7570,2
Mailaender,201510,7570,2
reaperrr,201511,7570,1
pchote,20159,7571,2
Phrohdoh,20159,7571,22
Mailaender,20159,7571,22
penev92,20159,7571,0
Micr0Bit,20159,7571,2
ScottNZ,201510,7571,2
pchote,201511,7571,2
Mailaender,201511,7571,2222
penev92,201511,7571,20
Micr0Bit,201511,7571,22
ScottNZ,201511,7571,2
Micr0Bit,201519,7571,1
Mailaender,201519,7571,2
penev92,20159,7572,2
Nelax,20159,7572,2
dan9550,201510,7572,2
Nelax,201510,7572,222
xan2622,201510,7572,022
pchote,201510,7572,2
RoosterDragon,201510,7572,2
ghost,201510,7572,2
Phrohdoh,201510,7572,1
dan9550,201511,7572,2
xan2622,201511,7572,0
MunWolf,201511,7572,2
Biofreak1987,201530,7572,2
xan2622,201530,7572,2
ghost,201530,7572,2
Biofreak1987,201553,7572,2
xan2622,201553,7572,2
xan2622,201653,7572,200
pchote,201653,7572,21
dan9550,20161,7572,2
xan2622,20162,7572,2
Biofreak1987,20162,7572,2
pchote,20162,7572,2
Mailaender,20159,7573,2
bvandenbogaard,20159,7573,1
pchote,201510,7573,1
Phrohdoh,201510,7573,2
bvandenbogaard,201510,7573,22
Phrohdoh,201511,7573,1222
Mailaender,201511,7573,2
bvandenbogaard,201511,7573,2
abcdefg30,201511,7573,2
pchote,201513,7573,2
bvandenbogaard,201514,7573,2
Mailaender,201514,7573,2
pchote,201514,7573,2
pchote,201510,7574,22
Mailaender,201510,7574,2
Mailaender,201511,7574,2
xan2622,201511,7574,02
Mailaender,201512,7574,2
Mailaender,201510,7575,2
dan9550,201510,7575,2
pchote,201510,7576,2
Nelax,201510,7576,2
imadsawal,201510,7576,2
obrakmann,201510,7576,0
pchote,201512,7577,1
reaperrr,201512,7577,2
DavidARussell,201512,7578,2
TGHoly,201512,7578,1
obrakmann,201510,7579,22
Mailaender,201510,7579,022
penev92,201510,7579,122
obrakmann,201510,7580,22
Phrohdoh,201510,7580,2221
Mailaender,201510,7580,222
reaperrr,201510,7581,2
pchote,201510,7581,2
Phrohdoh,201510,7581,222
Mailaender,201511,7581,2
Phrohdoh,201511,7581,2
abcdefg30,201512,7581,2
Mailaender,201512,7581,12
pchote,201836,7583,0
penev92,201510,7584,22
Snurre86,201510,7584,2
Snurre86,201520,7584,2
MunWolf,201510,7585,2
Phrohdoh,201510,7585,2
pchote,201510,7585,2
Mailaender,201528,7585,2
GraionDilach,201528,7585,2
obrakmann,201510,7586,2
Mailaender,201510,7586,2
obrakmann,201510,7587,22
Mailaender,201510,7588,22
Unit158,201510,7588,2
chrisforbes,201510,7588,2
Micr0Bit,201510,7588,22
tomsons26,201510,7588,1
Phrohdoh,201510,7588,2
xan2622,201510,7589,21
Mailaender,201510,7589,22
katzsmile,201510,7589,2
OmegaBolt,201511,7589,2222
katzsmile,201511,7589,22
penev92,201511,7589,02
Nelax,201511,7589,222
xan2622,201511,7589,2
Phrohdoh,201511,7589,2
Mailaender,201512,7589,2
Smittytron,201830,7590,2
pchote,201510,7591,22
Snurre86,201510,7591,222
deniz1a,201510,7591,2
MunWolf,201510,7591,222
Micr0Bit,201510,7591,22
penev92,201510,7591,221
obrakmann,201510,7591,0
Mailaender,201510,7591,1
Snurre86,201511,7591,1
Snurre86,201510,7592,22222
penev92,201510,7592,202
Phrohdoh,201510,7592,222
pchote,201510,7592,1
SMIFFGIG,201533,7592,2
Snurre86,20161,7592,2
GraionDilach,201629,7592,2
pchote,201629,7592,2
Snurre86,201647,7592,12
obrakmann,201510,7593,2
RoosterDragon,201511,7593,2
Phrohdoh,201511,7593,2
obrakmann,201511,7593,2
obrakmann,201510,7594,22
pchote,201510,7594,22
Phrohdoh,201510,7594,20
obrakmann,201510,7595,2222
MunWolf,201510,7595,22222
Mailaender,201510,7595,222
Phrohdoh,201510,7595,2
Phrohdoh,201511,7595,2
MunWolf,201511,7595,2
obrakmann,201511,7595,2
MunWolf,201512,7595,2
obrakmann,201512,7595,2
Mailaender,201510,7596,2
penev92,201510,7597,2
MunWolf,201510,7597,2
Mailaender,201512,7597,2
penev92,201514,7597,22
penev92,201519,7597,2
Phrohdoh,201510,7598,2
obrakmann,201510,7599,1
penev92,201510,7599,1
abcdefg30,201510,7600,2
Mailaender,201510,7601,2
Phrohdoh,201510,7601,22
obrakmann,201510,7601,22
Phrohdoh,201510,7602,2
deniz1a,201510,7603,0
Nelax,201510,7603,2
reaperrr,201511,7603,2
daynemarais,201631,7603,2
GraionDilach,201631,7603,2
Snurre86,20162,7604,22
ShadowA,20162,7604,12
penev92,20162,7604,2
Phrohdoh,20162,7604,22
abcdefg30,20162,7604,2
GraionDilach,20162,7604,2
deniz1a,201510,7605,2
Mailaender,201510,7605,2
abcdefg30,201510,7605,2
Snurre86,201510,7605,2221222
ScottNZ,201510,7605,2220
Micr0Bit,201510,7605,0
akhilman,201649,7605,2
Snurre86,201712,7605,22
akhilman,201712,7605,2
Micr0Bit,201712,7605,0
MustaphaTR,201712,7605,2
Smittytron,20187,7605,2
Mailaender,201510,7606,2
Phrohdoh,201510,7606,22
Mailaender,201510,7607,2
Mailaender,201512,7607,2
obrakmann,201512,7607,2
Mailaender,201513,7607,2
Mailaender,201510,7608,2
obrakmann,201510,7608,1
pchote,201512,7608,2
obrakmann,201512,7608,2
pchote,201510,7609,2
Mailaender,201510,7609,22
Mailaender,201525,7609,22
Rydra,201510,7610,2
penev92,201510,7611,2222
Phrohdoh,201510,7611,2
pchote,201510,7611,0
pchote,201510,7612,2
kyrreso,201510,7612,2222
penev92,201510,7612,22
Mailaender,201510,7612,02
pchote,201547,7612,2
Phrohdoh,201510,7613,2
deniz1a,201510,7614,2
pchote,201627,7614,2
Mailaender,201510,7615,2
obrakmann,201510,7616,22
abcdefg30,201510,7616,2
penev92,201510,7616,2
RoosterDragon,201511,7617,2
Phrohdoh,201511,7617,2
obrakmann,201510,7618,2
Rydra,201510,7618,0
Micr0Bit,201510,7618,2
Rydra,201511,7618,22201202212
pchote,201511,7618,2
Micr0Bit,201511,7618,211
RoosterDragon,201511,7618,22222
penev92,201511,7618,0022000
Mailaender,201510,7619,222
pchote,201510,7619,2
reaperrr,201510,7619,2
LipkeGu,201511,7619,222
pchote,201511,7619,2
penev92,201511,7619,2
Mailaender,201511,7619,0
abcdefg30,201511,7619,2
reaperrr,201512,7619,0
Mailaender,201510,7620,2
PanzerFurrry,201510,7620,2
penev92,201511,7621,2
Micr0Bit,201511,7621,0
Mailaender,201510,7622,22
fiesh,201510,7622,2
jabbink,201511,7622,0
pchote,201511,7622,222
fiesh,201511,7622,222
chrisforbes,201511,7622,22
Mailaender,201511,7622,20
UserHAL9000,201521,7622,21
Mailaender,201521,7622,2
Mailaender,201527,7622,0
Mailaender,201530,7622,222
pchote,201530,7622,2
LipkeGu,201549,7622,2
Mailaender,201549,7622,2
Mailaender,201552,7622,2
pchote,201615,7622,2
Micr0Bit,201510,7623,1
obrakmann,201511,7623,22
cjshmyr,201511,7623,2
TheRaffy,201511,7623,2
Mailaender,201512,7623,12
Micr0Bit,201510,7624,2
penev92,201511,7624,2
Mailaender,201512,7624,2
penev92,201512,7624,2
LipkeGu,201521,7624,2
Snurre86,201522,7624,2
clemty,201510,7625,2
TGHoly,201510,7625,2
pchote,201510,7626,22
Mailaender,201510,7626,0
reaperrr,201511,7626,2
LipkeGu,201511,7626,2
Mailaender,201511,7626,22
pchote,201511,7626,222
reaperrr,201512,7626,2
obrakmann,201512,7626,2
Mailaender,201512,7626,2
Mailaender,201523,7627,2
pchote,201511,7628,2
penev92,201511,7629,20
MunWolf,201511,7629,1
deniz1a,201511,7629,0
Phrohdoh,201511,7629,2
pchote,201511,7629,2
Mailaender,201511,7629,2
obrakmann,201512,7629,2
penev92,201512,7629,1
obrakmann,201511,7630,22
Rydra,201511,7630,022
RoosterDragon,201511,7630,2
obrakmann,201512,7630,2
Phrohdoh,201511,7631,2
reaperrr,201511,7631,2
Mailaender,201511,7631,22
Mailaender,201527,7632,2
RoosterDragon,201511,7634,2
obrakmann,201511,7634,22
MunWolf,201511,7635,2221
Phrohdoh,201511,7635,2
pchote,201511,7635,2
RoosterDragon,201511,7635,22
reaperrr,201511,7635,2
Mailaender,201511,7635,2
Phrohdoh,201515,7635,2
reaperrr,201517,7635,2
Mailaender,201511,7637,2
fluxer,201511,7637,2
pchote,201511,7638,2
Phrohdoh,201511,7638,2
reaperrr,201511,7638,2
pchote,201512,7638,222
obrakmann,201512,7638,22
Mailaender,201512,7638,2
reaperrr,201511,7639,2222
ScottNZ,201511,7639,22
penev92,201511,7639,2
Mailaender,201511,7639,2202
reaperrr,201512,7639,2
pchote,201512,7639,1
reaperrr,201513,7639,2
penev92,201513,7639,12
Phrohdoh,201511,7640,222220
penev92,201511,7640,22
Mailaender,201511,7640,2
obrakmann,201511,7640,12
Phrohdoh,201511,7641,2
Micr0Bit,201511,7641,2
Mailaender,201511,7641,2
penev92,201511,7642,2
Snurre86,201511,7642,22
MustaphaTR,201511,7642,2
deniz1a,201511,7642,22
Phrohdoh,201511,7642,2
Mailaender,201511,7642,202
Mailaender,201515,7642,22
MustaphaTR,201515,7642,22
pchote,201515,7642,1
xan2622,201517,7642,2
Mailaender,201517,7642,1
penev92,201511,7643,2
Snurre86,201511,7643,22
obrakmann,201511,7643,2
Phrohdoh,201511,7643,2
Phrohdoh,201511,7644,1
abcdefg30,201511,7644,2
razzmatazz,201511,7644,1
Mailaender,201511,7644,222
Mailaender,201511,7645,2
Phrohdoh,201511,7645,22
penev92,201511,7645,2
pchote,201547,7646,2
Phrohdoh,201511,7647,2
RoosterDragon,201511,7647,2
penev92,201511,7648,1
Mailaender,201511,7648,2
Phrohdoh,201511,7648,22
obrakmann,201511,7648,22
Phrohdoh,201511,7649,22
penev92,201511,7649,22
RoosterDragon,201511,7649,2
pchote,201511,7649,2
cjshmyr,201511,7649,1
RoosterDragon,201512,7649,2
Mailaender,201512,7649,1
penev92,201512,7649,1
Phrohdoh,201511,7650,2
abcdefg30,201511,7650,2
penev92,201511,7650,2
pchote,201511,7651,2
Mailaender,201511,7652,2
obrakmann,201511,7652,02
fluxer,201511,7652,1
MunWolf,201511,7653,2222
Phrohdoh,201511,7653,022222222222
pchote,201511,7653,20
Mailaender,201511,7653,2
penev92,201512,7653,20
Phrohdoh,201512,7653,22
Phrohdoh,201514,7653,22
pchote,201511,7654,22
pevers,201511,7654,02
penev92,201511,7654,22
pevers,201512,7654,0
pevers,201513,7654,1
abcdefg30,201513,7654,0
pevers,201514,7654,2
penev92,201514,7654,0
obrakmann,201514,7654,0
pevers,201515,7654,1
obrakmann,201515,7654,2
jabbink,201515,7654,2
obrakmann,201516,7654,2
pchote,201516,7654,2
obrakmann,201518,7654,22
pevers,201518,7654,1
deniz1a,201511,7655,2
xan2622,201511,7655,022
pizzaoverhead,201511,7655,2
abcdefg30,201511,7655,2
penev92,201511,7655,1
RoosterDragon,201511,7655,2
pchote,201511,7655,2
obrakmann,201511,7655,1
pchote,201547,7655,2
penev92,201511,7656,2012
Mailaender,201511,7656,12
obrakmann,201511,7656,1
Phrohdoh,201511,7657,2
abcdefg30,201511,7657,2
MunWolf,201511,7658,20
Rydra,201511,7658,2222220212
RoosterDragon,201511,7658,2
reaperrr,201511,7658,2
Micr0Bit,201511,7658,00222
Micr0Bit,201512,7658,220
Rydra,201512,7658,21022
reaperrr,201512,7658,0
UberWaffe,201512,7658,2
pchote,201512,7658,2
epicelite,201511,7659,2
meldrian,201512,7659,0
GeertJohan,201512,7659,0
UberWaffe,201515,7659,2
Mailaender,201511,7660,2
DeadlySurprise,201511,7661,02
Mailaender,201511,7661,22222
obrakmann,201511,7661,2
penev92,201511,7661,2
ScottNZ,201511,7661,2
Mailaender,201511,7662,2
jimmywatson,201511,7662,22
obrakmann,201511,7662,2
deniz1a,201515,7662,2
deniz1a,201526,7662,2
MunWolf,201511,7663,2
xan2622,201518,7663,2
Phrohdoh,201518,7663,2
TheRaffy,201531,7663,2
Phrohdoh,201532,7663,2
TheRaffy,201532,7663,222222
GraionDilach,201532,7663,2
Unit158,201532,7663,220
penev92,201532,7663,2
TheRaffy,201535,7663,1
abcdefg30,201630,7663,2
Phrohdoh,201511,7664,2
penev92,201511,7664,2021
pchote,201511,7664,2
Micr0Bit,201511,7664,2
Mailaender,201511,7664,22
reaperrr,201511,7664,2
penev92,201512,7664,2222
Micr0Bit,201512,7664,1
obrakmann,201512,7664,2
Mailaender,201512,7664,2
pchote,201512,7664,02
obrakmann,201513,7664,22
deniz1a,201511,7665,2200021
pchote,201511,7665,02
Phrohdoh,201511,7665,2
deniz1a,201512,7665,2
deniz1a,201514,7665,222
Phrohdoh,201514,7665,2
penev92,201514,7665,2
deniz1a,201515,7665,2220022
Phrohdoh,201515,7665,2
deniz1a,201518,7665,222
penev92,201521,7665,2
deniz1a,201521,7665,2
pchote,201513,7666,2
reaperrr,201513,7666,2
reaperrr,201543,7666,2
ScottNZ,201511,7667,2
Mailaender,201511,7667,2
obrakmann,201511,7667,2
penev92,201512,7667,2
Mailaender,201512,7667,0
obrakmann,201512,7667,2
reaperrr,201511,7668,2
abcdefg30,201511,7668,2
kallus,201511,7668,2
Mailaender,201511,7668,2
Mailaender,201523,7668,2
LipkeGu,201536,7668,2
RoosterDragon,201536,7668,1
penev92,201536,7668,0
Mailaender,201618,7668,2
reaperrr,201511,7669,22
Phrohdoh,201511,7669,2
RoosterDragon,201511,7669,2
reaperrr,201512,7669,2
deniz1a,201512,7669,2
penev92,201512,7669,2
pchote,201511,7670,2
Mailaender,201512,7670,2
Fahrradkette,201513,7670,2
Mailaender,201513,7670,2
barrettTom,201516,7670,2
Fahrradkette,201516,7670,2
Mailaender,201523,7670,2
reaperrr,201512,7671,2
RoosterDragon,201513,7671,2
obrakmann,201513,7671,12
pchote,201513,7671,2
abcdefg30,201512,7672,21
obrakmann,201512,7672,2
Townes27,201512,7672,1
Mailaender,201512,7674,2
obrakmann,201513,7674,22
pchote,20174,7675,2
Mailaender,201512,7676,2
TGHoly,201512,7676,2
Mailaender,201627,7676,2
erkro1,201512,7677,2
penev92,201512,7677,2
abcdefg30,201512,7678,1
RoosterDragon,201513,7678,2
obrakmann,201513,7678,2
penev92,201512,7679,1
abcdefg30,201512,7679,1
obrakmann,201512,7679,2
rob-v,201712,7680,2
pchote,201836,7680,2
Mailaender,201512,7681,22212
abcdefg30,201512,7681,22222
Phrohdoh,201512,7681,22
RoosterDragon,201512,7681,2
Mailaender,201512,7682,222
fjlaubscher,201512,7682,22
obrakmann,201512,7682,1
Mailaender,201512,7683,2
deniz1a,201519,7684,2
penev92,201512,7685,0
Mailaender,201512,7685,2
pchote,201512,7685,2
reaperrr,201514,7685,2
RoosterDragon,201514,7685,02
penev92,201514,7685,0
pchote,201514,7685,2
Mailaender,201514,7685,2
penev92,201512,7686,00
pchote,201512,7686,220
reaperrr,201512,7686,2
penev92,201513,7686,2
reaperrr,201513,7686,22222
RoosterDragon,201513,7686,200
pchote,201513,7686,12
RoosterDragon,201514,7686,2
reaperrr,201514,7686,2
obrakmann,201514,7686,22
Mailaender,201512,7687,12
pchote,201512,7687,02
reaperrr,201512,7687,0
pchote,201512,7688,2
Mailaender,201512,7688,2
obrakmann,201516,7689,2
obrakmann,201517,7689,2
Mailaender,20163,7689,2
abcdefg30,201630,7689,2
Mailaender,201512,7690,22
obrakmann,201512,7690,2
Mailaender,201512,7692,22222
Phrohdoh,201512,7692,2
lontivero,201512,7692,20
rapgro,201545,7692,2
Mailaender,201552,7692,2
Mailaender,201512,7693,22
abcdefg30,201512,7693,1
pchote,201512,7695,22
Unit158,201512,7695,1
Rydra,201513,7695,222212222
penev92,201513,7695,222
Unit158,201513,7695,212222222
Phrohdoh,201515,7695,2
Unit158,201515,7695,22
pchote,201515,7695,2
Unit158,201521,7695,2
penev92,201512,7696,2
Robmaister,201512,7696,2
pchote,201512,7696,2
Robmaister,201513,7696,2
Mailaender,201515,7696,2
xan2622,201515,7696,2
Robmaister,201516,7696,212
pchote,201516,7696,2
Mailaender,201516,7696,21
Robmaister,201517,7696,2
Mailaender,201517,7696,2
penev92,201517,7696,2
pchote,201518,7696,2
Mailaender,201518,7696,2
Mailaender,201512,7697,0
penev92,201512,7697,0
obrakmann,201512,7697,2
penev92,201513,7697,2
OmegaBolt,201513,7697,2
MustaphaTR,20176,7697,2
Mailaender,20177,7697,2
abcdefg30,201512,7698,2
xan2622,201512,7699,2122
Mailaender,201512,7699,2212
pchote,201512,7699,21
Mailaender,201513,7699,10202
xan2622,201513,7699,200
reaperrr,201513,7699,1
abcdefg30,201512,7700,2
pchote,201512,7700,2
Mailaender,201512,7700,2
Mailaender,201513,7700,2
reaperrr,201512,7701,2
penev92,201512,7701,2
pchote,201545,7701,2
Phrohdoh,201512,7702,2
pchote,201512,7702,22
reaperrr,201512,7703,2
Mailaender,201512,7703,2
penev92,201513,7703,2
reaperrr,201513,7703,2
obrakmann,201513,7703,22
Mailaender,201513,7703,2
Mailaender,201512,7704,2
pchote,201512,7704,2
abcdefg30,201513,7704,20
pchote,201513,7704,2
Mailaender,201513,7705,2
penev92,201512,7706,2
penev92,201513,7706,1
obrakmann,201513,7706,2
reaperrr,201513,7707,2
Phrohdoh,201513,7707,222
pchote,201513,7707,2
Mailaender,201512,7708,2
pchote,201512,7708,2
reaperrr,201513,7708,2
Phrohdoh,201513,7709,2
Mailaender,201517,7709,2
Mailaender,201518,7709,22222
abcdefg30,201518,7709,2
pchote,201518,7709,2
penev92,201518,7709,2
obrakmann,201518,7709,2
Mailaender,201519,7709,2
penev92,201520,7709,2
pchote,201520,7709,2
Mailaender,201521,7709,22
Mailaender,201522,7709,2
penev92,201522,7709,2
Mailaender,201523,7709,2
Mailaender,201525,7709,2222
obrakmann,201525,7709,2222
reaperrr,201525,7709,2
penev92,201525,7709,1
penev92,201526,7709,2
RoosterDragon,201513,7710,2
Mailaender,201513,7710,22
pchote,201512,7711,2
abcdefg30,201512,7711,2
penev92,201512,7712,2
abcdefg30,201512,7712,2
Phrohdoh,201512,7713,2
pchote,201512,7713,2
pchote,201512,7714,2
penev92,201513,7714,2
Phrohdoh,201513,7714,2
pchote,201514,7715,1
Phrohdoh,201513,7716,21
reaperrr,201513,7716,22
Phrohdoh,20164,7716,2
reaperrr,20164,7716,1
Phrohdoh,201513,7717,22
reaperrr,201513,7717,2
reaperrr,201653,7717,2
ivicok,201545,7718,2
reaperrr,201547,7718,2
yaaaaa,20164,7718,2
abcdefg30,201513,7719,2
Mailaender,201513,7719,2
reaperrr,201513,7719,2
matjaeck,201833,7720,2
penev92,201513,7721,2
RoosterDragon,201513,7721,2
pi99y,201513,7722,02
penev92,201513,7722,2222
Phrohdoh,201513,7722,2
cjshmyr,201513,7722,20
obrakmann,201513,7722,2
pchote,201514,7722,222
penev92,201514,7722,21
pi99y,201514,7722,10
Mailaender,201514,7722,222
obrakmann,201514,7722,1
reaperrr,201513,7723,222
chrisforbes,201513,7723,2
RoosterDragon,201513,7723,0
Mailaender,201513,7723,221
Snurre86,201513,7724,2
Snurre86,201519,7724,2
Snurre86,201712,7724,2
Phrohdoh,201513,7725,2
Mailaender,201513,7725,21
Snurre86,201513,7725,0
Micr0Bit,201513,7725,2
RoosterDragon,201514,7726,2
obrakmann,201514,7726,2
Phrohdoh,201515,7726,22
obrakmann,201515,7726,2
abcdefg30,201517,7726,2
OptimisticShag,201513,7727,2
OptimisticShag,201514,7727,2
Basti504,201514,7727,2
Mailaender,201515,7727,2
Phrohdoh,201513,7728,22
Snurre86,201513,7728,22
Mailaender,201513,7728,2
obrakmann,201513,7728,2
Mailaender,201520,7728,2
pchote,201547,7729,2
SilverlineDev,201513,7730,2
penev92,201513,7730,22
cjshmyr,201513,7730,2
Micr0Bit,201513,7730,2
reaperrr,20175,7730,2
reaperrr,201513,7731,00
Mailaender,201513,7731,2
Mailaender,201513,7732,2
reaperrr,201513,7732,22
obrakmann,201513,7733,2
Mailaender,201513,7733,222
pchote,201514,7734,1
penev92,201514,7734,22
Snurre86,201513,7735,222
Phrohdoh,201513,7735,2
abcdefg30,201513,7735,2
Mailaender,201513,7735,2
Snurre86,201517,7735,2
obrakmann,201513,7736,2
Mailaender,201513,7736,10
deniz1a,201514,7737,2
deniz1a,201517,7737,2
Mailaender,201518,7737,2
deniz1a,201519,7737,2022
Phrohdoh,201519,7737,22
obrakmann,201520,7737,22
deniz1a,201520,7737,0200202
penev92,201520,7737,20
pchote,201520,7737,22
deniz1a,201521,7737,0
abcdefg30,201522,7737,22
deniz1a,201522,7737,222
Unit158,201522,7737,0
Phrohdoh,201522,7737,1
pchote,201513,7738,22
reaperrr,201513,7738,22
Mailaender,201513,7738,0
penev92,201513,7738,2
Phrohdoh,201513,7740,21
Mailaender,201513,7740,2
020jeroen,201513,7740,1
pchote,201513,7741,22
obrakmann,201513,7741,2
reaperrr,201513,7741,022
Mailaender,201513,7741,22
obrakmann,201513,7743,20
pchote,201513,7743,2
reaperrr,201513,7744,2
pchote,201513,7744,2
obrakmann,201513,7745,1
reaperrr,201513,7745,1
pchote,201514,7746,2
Mailaender,201514,7746,222
RoosterDragon,201514,7746,2
Mailaender,201513,7747,22
reaperrr,201513,7747,12
obrakmann,201513,7747,2
reaperrr,201513,7748,22
Mailaender,201513,7748,2
pchote,201513,7748,22
obrakmann,201513,7748,21
Phrohdoh,201514,7748,22
Mailaender,201513,7749,222
obrakmann,201513,7749,2
pchote,201513,7749,2
reaperrr,201513,7749,22
Phrohdoh,201513,7750,2
penev92,201513,7750,2
Mailaender,201534,7750,2
penev92,201534,7750,2
OmegaBolt,201532,7751,22
GraionDilach,201532,7751,0
Micr0Bit,201532,7751,22
penev92,201532,7751,2
pchote,201532,7751,2
Unit158,201532,7751,2
penev92,201533,7751,2
Micr0Bit,201653,7751,2
MustaphaTR,201742,7751,2
penev92,201742,7751,2
penev92,201745,7751,21
CH4Code,201745,7751,2
obrakmann,201513,7752,0
Mailaender,201513,7752,0
Mailaender,201513,7753,1
obrakmann,201513,7754,2
pchote,201513,7754,22
obrakmann,201513,7755,2
Mailaender,201513,7757,222
pchote,201513,7757,222
reaperrr,201513,7757,2
obrakmann,201514,7757,222
pchote,201514,7757,22
reaperrr,201514,7757,0
Mailaender,201514,7757,2
obrakmann,201513,7758,2
Mailaender,201513,7760,2
obrakmann,201513,7760,2
obrakmann,201513,7762,2
obrakmann,201513,7763,22
Mailaender,201513,7763,22
obrakmann,201513,7764,2
reaperrr,201513,7764,2
irungentoo,201513,7764,2
Phrohdoh,201513,7765,2
penev92,201513,7765,2
obrakmann,201513,7766,2
Mailaender,201513,7767,202
obrakmann,201513,7768,2
obrakmann,201513,7770,2
reaperrr,201514,7770,2
obrakmann,201514,7770,2
reaperrr,201513,7771,1
Mailaender,201513,7771,2
pchote,201514,7771,2
Mailaender,201513,7772,2
Phrohdoh,201514,7772,22
Mailaender,201514,7772,2
Mailaender,20167,7773,2
GraionDilach,20168,7773,22
Mailaender,20168,7773,2
penev92,20168,7773,2
StormWingDelta,201715,7773,2
GraionDilach,201715,7773,2
reaperrr,201913,7773,2
Mailaender,201530,7775,2
reaperrr,201513,7776,1
Mailaender,201513,7776,2
Phrohdoh,201514,7776,2
pchote,201514,7776,22
Mailaender,201514,7776,2
Mailaender,20167,7777,2
LordSyke,201616,7777,2
pchote,20171,7777,2
pchote,20179,7777,2
Mailaender,201734,7777,2
sillyflip,201514,7778,2
MustaphaTR,201514,7778,20
deniz1a,201514,7778,220
penev92,201514,7778,002
cjshmyr,201514,7778,0
lasselaak,201515,7778,2
MunWolf,201515,7778,22
MustaphaTR,201515,7778,2
pchote,201515,7778,2
pchote,201533,7778,2
HenrytheSlav,201539,7778,2
TheRaffy,201548,7778,0
deniz1a,201513,7779,1
clasm,201513,7779,1
pchote,201819,7779,2
penev92,201513,7780,2
obrakmann,201514,7780,2
reaperrr,201513,7781,2
pchote,201513,7781,2
obrakmann,201514,7781,2
penev92,201513,7782,2
reaperrr,201513,7782,2
reaperrr,201513,7783,2
reaperrr,201513,7784,2
penev92,201513,7784,2
reaperrr,201514,7784,22
RoosterDragon,201514,7784,12
obrakmann,201514,7784,212
abcdefg30,201515,7785,2
penev92,201514,7786,22
Mailaender,201514,7786,2
penev92,201516,7786,22
Mailaender,201516,7786,2
penev92,201518,7786,2
penev92,201519,7786,2
obrakmann,201520,7786,22
penev92,201520,7786,22
abcdefg30,201520,7786,2
pchote,201520,7786,22
penev92,201521,7786,0022
pchote,201521,7786,02
abcdefg30,201521,7786,1
Mailaender,201521,7786,22
penev92,201523,7786,22
pchote,201523,7786,2
Mailaender,201523,7786,2
matija-hustic,201524,7786,2
penev92,201525,7786,2
obrakmann,201514,7787,02
pchote,201514,7787,2
Mailaender,201514,7787,2
MunWolf,201513,7788,1
pi99y,201513,7788,1
obrakmann,201513,7788,2
xan2622,201514,7788,2
Phrohdoh,201513,7789,2
reaperrr,201513,7789,2
UberWaffe,201514,7789,2
obrakmann,201513,7790,2
RoosterDragon,201514,7790,2
Mailaender,201514,7790,2
Mailaender,201523,7790,2
jbeich,201525,7790,2
saper,201526,7790,2
cossacksman,201545,7790,0
Phrohdoh,201514,7792,1
e1d1s1,201514,7793,2
pchote,201514,7793,2
chrisforbes,201514,7794,2
Micr0Bit,201514,7794,12
penev92,201514,7794,22
TheRaffy,201514,7794,1
TheRaffy,201515,7794,1012
pchote,201515,7794,22
lasselaak,201515,7794,2
Micr0Bit,201515,7794,2
Micr0Bit,201516,7794,2
TheRaffy,201516,7794,0
obrakmann,201514,7795,2
pi99y,201514,7795,2
Mailaender,201634,7795,2
MustaphaTR,201634,7795,2
pchote,201634,7795,0
penev92,201514,7796,22
MustaphaTR,201514,7796,2
pchote,201514,7796,22
Phrohdoh,201514,7797,2
reaperrr,201514,7798,2
pchote,201514,7798,1
Mailaender,201514,7798,2
Mailaender,201514,7799,222
pchote,201514,7799,2
obrakmann,201514,7799,2
Phrohdoh,201514,7800,22222
chrisforbes,201514,7800,2
obrakmann,201514,7800,2
Phrohdoh,201515,7800,22
chrisforbes,201515,7800,2
xan2622,201517,7800,2
Micr0Bit,201517,7800,2
MunWolf,201517,7800,2
Mailaender,201514,7801,0
penev92,201514,7801,22
Nerus87,201514,7801,2
qiou,201514,7801,2
Nerus87,201542,7801,2
Phrohdoh,201514,7805,222
SilverlineDev,201514,7805,2
penev92,201514,7805,222
pchote,201514,7805,2
penev92,201516,7805,2
abcdefg30,201518,7805,2
penev92,201518,7805,202
pchote,201518,7805,2
Phrohdoh,201518,7805,2
obrakmann,201519,7805,2
penev92,201519,7805,2
pchote,201519,7805,22
LipkeGu,201514,7806,2
pchote,201514,7806,22
Phrohdoh,201514,7806,222222
reaperrr,201514,7806,22
pchote,201547,7807,2
Phrohdoh,201718,7807,2
pchote,201718,7807,2
reaperrr,201731,7807,2
pchote,201514,7808,2
Mailaender,201514,7808,2
penev92,201514,7809,2
penev92,201514,7810,2
AoAGeneral,201514,7810,2
ChaoticMind,201536,7810,0
rob-v,201720,7810,2
AoAGeneral,201720,7810,2
Phrohdoh,201514,7811,2
reaperrr,201514,7811,122
xan2622,201514,7811,22
Mailaender,201514,7811,2
pchote,201514,7811,2
Mailaender,201516,7811,0
Phrohdoh,201514,7812,22
Mailaender,201514,7812,22
chrisforbes,201514,7812,0
Mailaender,201514,7813,2
pchote,201514,7814,2
Mailaender,201514,7814,2
Mailaender,201514,7815,2
obrakmann,201514,7815,12
RoosterDragon,201514,7816,12
Phrohdoh,201514,7816,22
Mailaender,201514,7816,2
Phrohdoh,201514,7817,2
Mailaender,201514,7817,2
Phrohdoh,201515,7817,222
RoosterDragon,201517,7817,22
pchote,201517,7817,2
Phrohdoh,201518,7817,2
pchote,201518,7817,2
Phrohdoh,201514,7819,2
RoosterDragon,201514,7820,2
obrakmann,201514,7820,22
obrakmann,201514,7821,2
obrakmann,201514,7822,22
pchote,201514,7822,2
reaperrr,201514,7822,2
pchote,201514,7823,2
Unit158,201514,7825,0
pchote,201514,7825,2
obrakmann,201514,7826,2
pi99y,201515,7826,02
abcdefg30,201515,7826,2
penev92,201515,7826,2
pchote,201530,7826,2
Phrohdoh,201514,7827,2
pchote,201514,7827,12
obrakmann,201514,7827,2
pchote,201514,7828,2
reaperrr,201514,7828,2
Phrohdoh,201514,7829,2
abcdefg30,201516,7829,2
pchote,201517,7829,22
sinf,201517,7829,0
Unit158,201517,7829,2222
penev92,201517,7829,2222
abcdefg30,201517,7829,02
Mailaender,201517,7829,12
Mailaender,201514,7830,2
pchote,201514,7830,2
xan2622,201514,7831,2
Phrohdoh,201514,7832,12
RoosterDragon,201514,7832,2
Phrohdoh,201515,7832,212
penev92,201515,7832,2
pchote,201514,7834,2
Mailaender,201514,7834,222
Unit158,201514,7835,2
Mailaender,201514,7836,2
obrakmann,201514,7836,2
Townes27,201514,7836,2
pchote,201514,7837,2
penev92,201514,7837,2
pchote,201514,7838,2
sinf,201514,7838,2
Mailaender,201514,7839,2
penev92,201514,7839,22
obrakmann,201515,7840,2
Unit158,201517,7840,22
sinf,201517,7840,212
obrakmann,201517,7840,2
Phrohdoh,201514,7841,2
obrakmann,201514,7841,2222
Mailaender,201514,7841,22222
penev92,201514,7841,2
Mailaender,201514,7842,2
penev92,201514,7842,2
obrakmann,201514,7842,2
abcdefg30,201516,7843,1
reaperrr,201516,7843,2
pchote,201517,7843,1
obrakmann,201514,7844,1
reaperrr,201514,7844,2
abcdefg30,201515,7844,2
reaperrr,201515,7844,2
reaperrr,201516,7844,2
abcdefg30,201516,7844,221
Mailaender,201514,7845,2
obrakmann,201514,7845,12
Phrohdoh,201514,7846,2
Mailaender,201514,7846,2
RoosterDragon,201515,7847,2
pchote,201515,7847,2
RoosterDragon,201516,7847,2
pchote,201517,7847,22
Mailaender,201517,7847,22
Mailaender,201514,7848,2
Mailaender,201514,7849,22
obrakmann,201514,7849,002
penev92,201514,7849,22
Mailaender,201519,7849,22
Mailaender,201517,7850,2
Mailaender,201514,7851,2
pchote,201518,7851,2
Mailaender,201518,7851,2
penev92,201520,7851,2
Baxxster,201520,7851,01
obrakmann,201520,7851,2
pchote,201520,7851,2
Baxxster,201521,7851,2
ihptru,201521,7851,2
abcdefg30,201521,7851,2
penev92,201525,7851,2
Mailaender,201525,7851,2
penev92,201526,7851,2
Mailaender,201526,7851,2
pchote,201514,7852,2
Mailaender,201516,7852,2
pchote,201517,7852,2
reaperrr,201517,7852,2
Mailaender,201514,7853,222
xan2622,201514,7853,2
reaperrr,201514,7853,20
pchote,201514,7853,22
Phrohdoh,201514,7853,22
Phrohdoh,201515,7853,2
pchote,201515,7853,2
Mailaender,201515,7853,2
reaperrr,201515,7853,2
Mailaender,201516,7853,222
LipkeGu,201516,7853,2
xan2622,201517,7853,2
pchote,201517,7853,2
Mailaender,201514,7854,1
reaperrr,201514,7854,01
penev92,201514,7854,0
sinf,201514,7854,2
UberWaffe,201514,7855,2
SilverlineDev,201514,7855,2
Kaito-Kid,201514,7855,2
sinf,201518,7855,2
Mailaender,201514,7856,2
RoosterDragon,201515,7857,2
pchote,201517,7857,12
chrisforbes,201518,7857,2
obrakmann,201514,7858,2
pchote,201514,7861,2
pchote,201514,7862,2
Mailaender,201514,7862,2
abcdefg30,201516,7862,2
Mailaender,201516,7862,2
reaperrr,201517,7862,2
Mailaender,201517,7862,02222212
pchote,201517,7862,12222
penev92,201517,7862,22
Phrohdoh,201514,7863,222
obrakmann,201514,7863,2
reaperrr,201514,7863,01
Mailaender,201514,7863,22022222
chrisforbes,201514,7863,2
xan2622,201514,7863,21
penev92,201514,7863,0
pchote,201514,7863,022
Phrohdoh,201515,7863,22
Mailaender,201515,7863,22
LipkeGu,201516,7863,2
Mailaender,201516,7863,2
penev92,201517,7863,2
Phrohdoh,201514,7864,1
penev92,201514,7864,12
Phrohdoh,201515,7865,2
penev92,201515,7865,20
Phrohdoh,201516,7865,2
penev92,201516,7865,1
pchote,201517,7865,12
penev92,201514,7866,2
reaperrr,201515,7866,2
penev92,201514,7867,2
obrakmann,201514,7867,22
Mailaender,201514,7867,2
Mailaender,201514,7868,2
obrakmann,201514,7868,2
penev92,201514,7868,2
GrayHatter,201515,7869,22
pi99y,201515,7869,0
pchote,201514,7870,2
obrakmann,201514,7870,22
barrystaes,201514,7870,02
barrystaes,201520,7870,02
pchote,201817,7870,2
Phrohdoh,201518,7871,2
ScottNZ,201518,7871,1
pchote,201518,7871,2
Mailaender,201518,7871,22
obrakmann,201518,7871,22
Phrohdoh,201515,7872,22
Mailaender,201515,7872,002
pchote,201515,7872,22
Mailaender,201516,7872,02
penev92,201517,7872,2
abcdefg30,201517,7872,2
Mailaender,201517,7872,2
Mailaender,201518,7872,220
pchote,201518,7872,2
Mailaender,201522,7872,2
abcdefg30,201523,7872,2
Mailaender,201526,7872,222
abcdefg30,201526,7872,2
pchote,201527,7872,2
Mailaender,201527,7872,222
abcdefg30,201527,7872,2
obrakmann,201527,7872,12
penev92,201515,7873,2
penev92,201517,7873,1
penev92,201519,7873,2
penev92,201534,7873,2
abcdefg30,201534,7873,2
Phrohdoh,201515,7874,220
Mailaender,201515,7874,22
reaperrr,201515,7874,202
gangster-ppm,201515,7874,1
penev92,201515,7874,2
LipkeGu,201520,7874,2
Phrohdoh,201520,7874,2
LipkeGu,201523,7874,22
Unit158,201523,7874,2
penev92,201523,7874,2
pchote,201523,7874,2
SMIFFGIG,201534,7874,2
LipkeGu,201638,7874,2
pchote,20179,7874,2
Mailaender,201735,7874,2
reaperrr,201735,7874,22
GraionDilach,201735,7874,2
penev92,201515,7875,2222
pchote,201515,7875,1
Phrohdoh,201515,7875,2
pchote,201516,7875,2
penev92,201516,7875,2
penev92,201517,7875,2222
pchote,201517,7875,2
abcdefg30,201517,7875,2212
Phrohdoh,201515,7876,22222
Mailaender,201515,7876,2200
pchote,201515,7876,0
Mailaender,201516,7876,2
Mailaender,201517,7876,2
Mailaender,201521,7876,22
pchote,201521,7876,2
Mailaender,201532,7876,22
Phrohdoh,201532,7876,2
penev92,201532,7876,2
pchote,201517,7877,2
RoosterDragon,201517,7877,0
pchote,201518,7877,1
Tailorware,201538,7877,2
tomsons26,201515,7878,2
Mailaender,201515,7878,2
Phrohdoh,201515,7878,2
obrakmann,201515,7878,2
LipkeGu,201516,7878,2
pchote,201518,7878,2
SMIFFGIG,201533,7878,2
penev92,201515,7879,2
pchote,20169,7879,2
abcdefg30,201516,7880,2221
Mailaender,201516,7880,222
pchote,201517,7880,1
obrakmann,201515,7881,2
penev92,201515,7881,22
pchote,201515,7882,2
pchote,201515,7883,1
Phrohdoh,201515,7883,2
Mailaender,201516,7883,2
Mailaender,201735,7883,2
Mailaender,201515,7885,2
obrakmann,201515,7886,22
Styrbjorn,201515,7886,2
pchote,201515,7887,2
penev92,201515,7887,2
reaperrr,201515,7887,2
pchote,201517,7887,2
Mailaender,201515,7888,22
pchote,201515,7888,1
penev92,201515,7888,2
abcdefg30,201517,7888,2
Phrohdoh,201518,7888,1
pchote,201518,7888,2
Mailaender,201518,7888,0
pchote,201519,7888,2
LipkeGu,201520,7888,2
Phrohdoh,201520,7888,2
penev92,201520,7888,2
penev92,201525,7888,2
Mailaender,20161,7888,2
reaperrr,201515,7889,2
pchote,201515,7891,22
penev92,201515,7891,2
penev92,201515,7894,22
reaperrr,201515,7894,2
pchote,201515,7895,2
LunaticEdit,201516,7895,0
pi99y,201535,7895,2
reaperrr,201515,7896,2
obrakmann,201515,7896,0
penev92,201515,7896,2
obrakmann,201515,7897,212
Phrohdoh,201515,7897,2
penev92,201516,7898,2
Phrohdoh,201518,7898,22
chrisforbes,201518,7898,1
penev92,201515,7900,0
RoosterDragon,201517,7900,2
penev92,201517,7900,1
Phrohdoh,201518,7900,2
abcdefg30,201518,7900,2
Mailaender,201526,7900,2
fgdzfggsfgsfgsf,201521,7902,0
reaperrr,201515,7903,2
Phrohdoh,201515,7903,2
penev92,201515,7903,22
Phrohdoh,201515,7904,2222
Mailaender,201517,7904,2
Phrohdoh,201517,7904,0
Phrohdoh,201518,7904,21
Mailaender,201518,7904,1
penev92,201518,7904,22
pchote,201518,7904,2
Phrohdoh,201520,7904,2
pchote,201515,7905,22
MunWolf,201515,7905,2
Phrohdoh,201515,7906,2
penev92,201515,7906,1
Mailaender,201515,7907,2
rneatherway,201516,7907,2
pchote,201517,7907,22
abcdefg30,201517,7908,2
pchote,201517,7908,21
obrakmann,201517,7908,12
reaperrr,201515,7909,2
abcdefg30,201516,7909,1
pchote,201517,7909,22
pchote,201515,7910,2
obrakmann,201515,7910,2
Phrohdoh,201515,7911,21
Mailaender,201515,7911,2
oukjweather,201515,7911,1
pchote,201515,7911,2
Phrohdoh,201515,7912,2
reaperrr,201515,7912,2
obrakmann,201515,7914,2
reaperrr,201515,7914,2
pchote,201515,7915,22
obrakmann,201515,7915,2
Robmaister,201515,7915,2
Mailaender,201515,7915,222
obrakmann,201515,7916,2
penev92,201515,7916,2
Phrohdoh,201523,7916,2
Mailaender,201517,7917,2
RoosterDragon,201517,7917,2
Mailaender,201518,7917,2
obrakmann,201518,7917,22
Phrohdoh,201515,7918,2
RoosterDragon,201515,7918,22
Townes27,201515,7918,11
pchote,201515,7918,2
pchote,201515,7919,201212
RoosterDragon,201515,7919,20202
obrakmann,201515,7919,22
Mailaender,201515,7919,22
Mailaender,201515,7921,22
obrakmann,201515,7921,22
Mailaender,201515,7922,2
reaperrr,201517,7922,2
Mailaender,201518,7922,2202
pchote,201518,7922,220
penev92,201518,7922,1
pchote,201519,7922,22
Mailaender,201519,7922,2
penev92,201521,7922,2
pchote,201521,7922,22
Mailaender,201521,7922,02
Phrohdoh,201515,7923,2
pchote,201515,7923,22
Mailaender,201515,7923,22
Micr0Bit,201515,7923,2
abcdefg30,201515,7923,12
Phrohdoh,201515,7924,2
Mailaender,201515,7924,222
pchote,201515,7924,2
Micr0Bit,201515,7924,2
abcdefg30,201515,7924,1212
TheRaffy,201517,7924,1
obrakmann,201515,7926,2
penev92,201515,7926,0
pchote,201515,7926,2
obrakmann,201543,7926,2
penev92,201515,7927,222
Mailaender,201515,7927,22222
fastslack,201515,7927,22122
pchote,201515,7927,220
fastslack,201516,7927,2
brightshine,201516,7927,22
penev92,201516,7927,22
barrettTom,201516,7927,2
obrakmann,201516,7927,2
obrakmann,201515,7929,2
Mailaender,201515,7930,22
RoosterDragon,201517,7930,0
Mailaender,201517,7930,0
penev92,201518,7930,1
pchote,201519,7930,220
Mailaender,201519,7930,220022
Unit158,201519,7930,0
Phrohdoh,201519,7930,2
Mailaender,201522,7930,221
pchote,201522,7930,02
matija-hustic,201524,7930,2
reaperrr,201525,7930,2
Mailaender,201525,7930,22
Mailaender,201526,7930,21
penev92,201526,7930,12
pchote,201515,7931,2
deniz1a,201515,7931,2
deniz1a,201516,7931,22200021
penev92,201516,7931,2
Phrohdoh,201516,7931,2
pchote,201516,7931,2
deniz1a,201517,7931,2
deniz1a,201518,7931,2
deniz1a,201521,7931,2
deniz1a,201526,7931,2
pchote,20162,7932,2
abcdefg30,20162,7932,2
Phrohdoh,20162,7932,2
Mailaender,201515,7933,20
pchote,201515,7933,202
Phrohdoh,201515,7933,22
Mailaender,201516,7933,1
pchote,201516,7933,1
Mailaender,201517,7933,22
obrakmann,201519,7934,2
Mailaender,201521,7934,222
penev92,201521,7934,22
obrakmann,201515,7935,22
carlos444,201515,7935,1
Mailaender,201515,7936,0
pchote,201515,7936,2
Mailaender,201515,7937,2
pchote,201516,7937,2
penev92,201517,7937,2
pchote,201517,7937,22
Mailaender,201517,7937,2
obrakmann,201517,7937,22
Mailaender,201518,7938,2
pchote,201519,7938,222021
Mailaender,201519,7938,200222
obrakmann,201519,7938,222
Mailaender,201521,7938,2
penev92,201515,7939,1
GiantCrocodile,201516,7939,20
pchote,201516,7939,2
obrakmann,201516,7939,11
Unit158,201516,7940,0
abcdefg30,201518,7940,2
Unit158,201518,7940,2
Unit158,201521,7940,2
penev92,201521,7940,2
Unit158,201522,7940,22
Phrohdoh,201522,7940,2
Unit158,201523,7940,21
chrisforbes,201523,7940,2
Mailaender,201523,7940,212
LunaticEdit,201516,7941,2
RichSuther,201543,7941,01
abcdefg30,201543,7941,1
rob-v,201720,7941,1
obrakmann,201516,7942,2
chrisforbes,201516,7942,2
pchote,201516,7942,2
RoosterDragon,201545,7942,2
penev92,201550,7942,2
RoosterDragon,201516,7944,22
LunaticEdit,201516,7944,2
obrakmann,201516,7945,2
penev92,201516,7945,2
Micr0Bit,201516,7946,2
abcdefg30,201516,7946,0
obrakmann,201516,7946,2
abcdefg30,201719,7946,2
Unit158,201516,7947,2
abcdefg30,201516,7947,2
pchote,201516,7948,22
obrakmann,201516,7948,2
penev92,201516,7948,2
abcdefg30,201516,7948,22
reaperrr,201516,7949,0
penev92,201516,7949,2
deniz1a,201516,7949,2
Micr0Bit,201516,7949,22
reaperrr,201516,7950,22
Micr0Bit,201516,7950,2
Mailaender,201516,7950,0
penev92,201516,7950,2
Mailaender,201517,7950,222
reaperrr,201516,7951,22
penev92,201516,7951,002
RoosterDragon,201516,7951,02
pchote,201516,7951,2
obrakmann,201516,7951,120
Mailaender,201516,7952,222
RoosterDragon,201516,7952,2
chrisforbes,201516,7952,2
pchote,201518,7953,222
Mailaender,201518,7953,2222
obrakmann,201518,7953,2
Phrohdoh,201518,7953,2
RoosterDragon,201518,7953,0
reaperrr,201516,7954,2
RoosterDragon,201516,7955,20
penev92,201516,7955,222
Rydra,201516,7955,220202222
chrisforbes,201516,7955,2202
pchote,201516,7955,2
pi99y,201516,7955,2
Mailaender,201516,7955,2
Beep6581,201516,7955,2
xan2622,201516,7956,2
obrakmann,201516,7956,02
mylemans,201516,7956,01
kyrreso,201516,7956,0
Mailaender,201734,7956,2
Cervator,201735,7956,2
pchote,201516,7957,2
Mailaender,201516,7957,22
abcdefg30,201516,7957,2
pchote,201517,7957,222
Mailaender,201517,7957,2
Unit158,201516,7958,2
pchote,201516,7958,2
FIREOFDOOM,201516,7958,02
obrakmann,201516,7958,22
penev92,201516,7959,2
reaperrr,201516,7959,2
obrakmann,201516,7959,21
Rydra,201516,7959,2
chrisforbes,201516,7959,2
penev92,201516,7960,2
FIREOFDOOM,201516,7960,22
Unit158,201516,7960,2
obrakmann,201516,7960,20
ihptru,201516,7960,2
pchote,201533,7960,2
obrakmann,201516,7961,2
penev92,201516,7961,2
MustaphaTR,20191,7962,2
SandJ,201516,7963,2
obrakmann,201516,7963,2
SandJ,201517,7963,2
chrisforbes,201517,7963,2
Mailaender,201523,7963,2
LunaticEdit,201516,7964,21
Chubzdoomer,201516,7964,2
penev92,201516,7964,1
ScottNZ,201516,7965,2
penev92,201516,7966,22
RoosterDragon,201516,7966,2
abcdefg30,201516,7967,20
penev92,201516,7967,0
abcdefg30,201517,7967,022
pchote,201517,7967,2
reaperrr,201517,7967,2
RoosterDragon,201516,7968,2
pchote,201516,7968,2
Mailaender,201516,7968,2
reaperrr,201517,7968,2
pchote,201517,7968,2
obrakmann,201518,7968,22
penev92,201516,7969,2
Beep6581,201729,7969,2
Mailaender,201516,7970,22
obrakmann,201516,7970,2
penev92,201516,7970,22
Mailaender,201516,7971,22
penev92,201516,7971,20
Unit158,201516,7971,2
StijnDW,201516,7971,02
chrisforbes,201518,7971,222
Mailaender,201518,7971,2
StijnDW,201532,7971,2
Mailaender,201516,7972,2
abcdefg30,201516,7972,2
pchote,201517,7972,2
Mailaender,201516,7973,2
obrakmann,201516,7974,2
Mailaender,201516,7974,22
penev92,201516,7974,1
epicelite,201516,7974,2
abcdefg30,201516,7974,2
pchote,201517,7974,12
Mailaender,201517,7974,2
SMIFFGIG,201533,7974,2
pchote,201516,7976,2
Mailaender,201516,7976,2
penev92,201516,7976,22
Mailaender,201516,7977,2
Micr0Bit,201517,7977,1
dan9550,201517,7977,2
abcdefg30,201517,7977,2
pchote,201517,7977,2
Mailaender,201516,7978,2
pchote,201517,7978,2
reaperrr,201517,7978,2
obrakmann,201517,7978,2
pchote,201516,7979,2
penev92,201516,7979,2
Mailaender,201516,7979,22
Mailaender,201517,7979,2
pchote,201517,7979,2
obrakmann,201519,7979,2
abcdefg30,201520,7979,12
Mailaender,201516,7980,2
Mailaender,201517,7980,222
pchote,201517,7980,22
pchote,201518,7980,2
abcdefg30,201518,7980,12
pchote,201516,7981,22
Mailaender,201516,7981,2
penev92,201516,7981,2
epicelite,201516,7981,0
pchote,201517,7981,2
Mailaender,201517,7981,2
penev92,201518,7981,222
abcdefg30,201518,7981,2
Phrohdoh,201518,7981,1
Mailaender,201518,7981,222
pchote,201518,7981,2
pchote,201516,7982,2
Mailaender,201517,7982,22
pchote,201517,7982,2
Mailaender,201518,7982,2222
abcdefg30,201518,7982,2
pchote,201518,7982,2
penev92,201519,7982,0
Mailaender,201519,7982,2
penev92,201520,7982,2
Mailaender,201517,7983,2
obrakmann,201517,7983,12
penev92,201516,7984,2
obrakmann,201517,7984,2
Mailaender,201517,7984,22
pchote,201517,7985,2
reaperrr,201517,7985,2
obrakmann,201518,7986,2
Mailaender,201518,7986,1
penev92,201516,7987,2
obrakmann,201516,7987,1
penev92,201516,7989,2
reaperrr,201516,7989,2
Mailaender,201516,7990,1
pchote,201517,7990,12
pchote,201516,7991,2
pchote,201517,7992,2
obrakmann,201517,7992,22
Mailaender,201516,7993,2
pchote,201517,7994,2
FrameLimiter,201830,7994,2
pchote,201517,7996,22
pchote,201517,7997,2
pchote,201521,7997,1
pchote,201517,7998,2
Mailaender,201517,7998,2
Mailaender,201518,7998,22022
penev92,201518,7998,0
abcdefg30,201518,7998,22
pchote,201518,7998,2222
obrakmann,201518,7998,2
pchote,201517,8000,222
chrisforbes,201517,8000,22
penev92,201517,8000,1
Mailaender,201517,8000,22
chrisforbes,201517,8001,2
obrakmann,201517,8001,1
obrakmann,201518,8001,22
penev92,201517,8003,2
Unit158,201517,8003,2
pchote,201547,8003,2
GraionDilach,201547,8003,2
BlueJersey112,201547,8003,1
abcdefg30,201517,8004,2
Mailaender,201517,8004,22
pchote,201517,8004,2222
penev92,201518,8004,22
pchote,201518,8004,2
pchote,201517,8005,1
Mailaender,201517,8007,2
RoosterDragon,201517,8007,22
obrakmann,201517,8007,2
penev92,201517,8007,22
pchote,201547,8008,22
pchote,201627,8008,2
reaperrr,201642,8009,2
pchote,201517,8011,22
penev92,201517,8011,2
Mailaender,201517,8011,22
abcdefg30,201517,8012,2
Mailaender,201517,8012,2
Phrohdoh,201518,8012,2
Mailaender,201518,8012,2
reaperrr,201519,8012,2
pchote,201519,8012,2
abcdefg30,201520,8012,21
penev92,201520,8012,21
reaperrr,201520,8012,222222
pchote,201520,8012,2
reaperrr,201521,8012,2222
abcdefg30,201521,8012,0
pchote,201521,8012,1
obrakmann,201521,8012,2
penev92,201521,8012,1
Mailaender,201521,8012,22
Mailaender,201517,8013,2
penev92,201517,8013,2
penev92,201518,8013,022
abcdefg30,201518,8013,21
Mailaender,201518,8013,2
obrakmann,201518,8013,2
Mailaender,201519,8013,2
Mailaender,201517,8014,1
obrakmann,201518,8014,22
abcdefg30,201518,8014,2
Mailaender,201517,8015,0
obrakmann,201518,8015,2
akoeplinger,201518,8015,2
Mailaender,201518,8015,2
Mailaender,201521,8015,22
cjshmyr,201517,8016,1
Basti504,201518,8016,2
penev92,201517,8017,2
pchote,201518,8017,22
obrakmann,201518,8017,2
chrisforbes,201518,8017,2
Phrohdoh,201518,8018,2
penev92,201518,8018,2
Unit158,201517,8019,2
bluescreen,201517,8019,2
Mailaender,201517,8019,2
ihptru,201518,8019,2
abcdefg30,201518,8019,2
bluescreen,201518,8019,1
Mailaender,201517,8021,2
sinf,201518,8021,122222
penev92,201518,8021,22
pchote,201518,8021,22
Phrohdoh,201518,8021,2
penev92,201519,8021,12
pchote,201545,8022,2
Micr0Bit,201517,8023,2
ozzyyzzo4096,201523,8023,2
penev92,201523,8023,2
pchote,201523,8023,2
ozzyyzzo4096,201545,8023,2
ozzyyzzo4096,201642,8023,02221
pchote,201642,8023,22
Micr0Bit,201642,8023,2
MustaphaTR,201517,8024,2
deniz1a,201517,8024,20
penev92,201517,8024,2
Nelax,201517,8024,1
lebed2045,201517,8024,2
abcdefg30,201520,8024,0
RoosterDragon,201520,8024,2
Mailaender,201517,8025,2
obrakmann,201517,8025,22
Micr0Bit,20161,8026,2
Mailaender,201517,8027,22
pchote,201517,8027,2
obrakmann,201517,8027,2
Mailaender,201517,8028,2
pchote,201517,8028,22
Smittytron,201746,8029,2
GrayHatter,201634,8030,2
MunWolf,201634,8030,2
penev92,201517,8031,2
Mailaender,201517,8031,2
abcdefg30,201517,8032,2
obrakmann,201517,8032,2
penev92,201517,8033,2
reaperrr,201517,8033,2
ghost,201517,8033,2
obrakmann,201528,8033,2
Mailaender,201517,8034,2
obrakmann,201517,8034,22
pchote,201517,8035,2
obrakmann,201517,8037,22
Phrohdoh,201517,8037,2
Phrohdoh,201517,8038,2
OmegaBolt,201518,8038,02
pchote,201518,8038,22
Ten-Tacles,201518,8038,1
Mailaender,201518,8038,222
penev92,201517,8039,2
Mailaender,201517,8039,2
pi99y,201518,8039,22
Micr0Bit,201518,8039,2
Mailaender,201523,8039,2
obrakmann,201518,8041,21
Micr0Bit,201519,8041,2
fgdzfggsfgsfgsf,201519,8041,02
ghost,201519,8041,2
obrakmann,201523,8041,2
penev92,201517,8042,2
Mailaender,201522,8042,2
abcdefg30,201518,8043,22
pchote,201518,8043,2
Mailaender,201518,8043,22
penev92,201518,8044,22
abcdefg30,201518,8044,12
pchote,201518,8044,22
penev92,201518,8045,2
obrakmann,201518,8045,222
Mailaender,201518,8045,02
abcdefg30,201518,8046,2
Mailaender,201518,8046,22
obrakmann,201518,8047,2
Phrohdoh,201518,8047,2
pchote,201518,8047,2
Mailaender,201518,8048,22
42foobar42,201518,8048,21222
abcdefg30,201518,8048,2
abcdefg30,201519,8048,22
42foobar42,201519,8048,12
obrakmann,201519,8048,2222
Mailaender,201519,8048,2
pchote,201518,8049,2
Mailaender,201519,8049,2
Micr0Bit,201520,8049,2
pchote,201518,8050,2222200222
RoosterDragon,201518,8050,02
chrisforbes,201518,8050,2
RoosterDragon,201519,8050,22
pchote,201519,8050,2
Phrohdoh,201518,8051,2222
penev92,201518,8051,22
Mailaender,201518,8051,2
penev92,201522,8051,2
penev92,201518,8052,2
Mailaender,201518,8052,21
obrakmann,201518,8053,2
Mailaender,201518,8054,2
obrakmann,201518,8054,222
Phrohdoh,201518,8054,2
Mailaender,201518,8055,22222
pchote,201518,8055,222
obrakmann,201518,8055,2
penev92,201518,8056,2
Mailaender,201518,8056,2
penev92,201519,8056,2
penev92,201520,8056,2
pchote,201520,8056,2
penev92,201521,8056,22
Mailaender,201521,8056,0
obrakmann,201522,8056,22
penev92,201522,8056,2
deniz1a,201526,8056,20
penev92,201526,8056,1
penev92,201518,8057,2
obrakmann,201518,8057,1
RoosterDragon,201518,8057,2
Mailaender,201518,8058,2
abcdefg30,201518,8058,2
kyrreso,201531,8058,2
chrisforbes,201518,8059,1
pchote,201518,8059,0
Mailaender,201518,8059,2
penev92,201521,8059,1
Micr0Bit,201523,8059,2
xan2622,201523,8059,0
Mailaender,201523,8059,2
MunWolf,201523,8059,2
Mailaender,201532,8059,222
xan2622,201727,8059,2
pchote,201738,8059,2
penev92,201518,8061,22
Phrohdoh,201518,8061,222
Mailaender,201518,8061,2
penev92,201519,8061,212
Phrohdoh,201519,8061,2
obrakmann,201519,8062,2
Unit158,201520,8062,2
obrakmann,201518,8063,2
penev92,201518,8064,2
AoAGeneral,201623,8064,0
Mailaender,201518,8065,02
pchote,201518,8065,2
Mailaender,201519,8065,0222
pchote,201519,8065,2222222
penev92,201519,8065,1
xan2622,201519,8065,2
obrakmann,201519,8065,2
Mailaender,201520,8065,022
pchote,201520,8065,2222
Phrohdoh,201520,8065,221
LipkeGu,201520,8065,22
cjshmyr,201520,8065,2
abcdefg30,201518,8066,2
penev92,201520,8066,22
pchote,201520,8066,1
abcdefg30,201521,8066,212
penev92,201521,8066,2202
obrakmann,201521,8066,1222
Mailaender,201521,8066,2
penev92,201518,8067,2
penev92,201518,8068,2
Phrohdoh,201518,8068,2
Mailaender,201518,8068,22
Phrohdoh,201518,8069,2
pchote,201518,8069,2
Mailaender,201518,8069,222
obrakmann,201518,8069,2
pchote,201518,8070,2222
Mailaender,201518,8070,22
Phrohdoh,201518,8070,12
Phrohdoh,201519,8070,2
penev92,201520,8070,0
penev92,201522,8070,2
Phrohdoh,201522,8070,22
obrakmann,201522,8070,22
obrakmann,201518,8071,2
abcdefg30,201518,8072,222
reaperrr,201518,8072,202
penev92,201518,8072,220
pchote,201518,8072,2
reaperrr,201520,8072,2
reaperrr,201522,8072,22022
penev92,201522,8072,00
penev92,201523,8072,22
reaperrr,201523,8072,22
abcdefg30,201523,8072,222
Mailaender,201523,8072,2
obrakmann,201518,8073,2
Robmaister,201518,8073,0
Phrohdoh,201518,8073,22
Mailaender,201518,8073,2
Phrohdoh,201518,8074,2
Mailaender,201518,8074,2
Phrohdoh,201522,8074,2222
Mailaender,201522,8074,2
penev92,201522,8074,2
GraionDilach,201522,8074,2
obrakmann,201522,8074,2
pchote,201522,8074,2
Unit158,201527,8074,0
reaperrr,201518,8075,2
penev92,201518,8075,0
reaperrr,201525,8075,2
Phrohdoh,201518,8076,2
pchote,201518,8076,20
Mailaender,201518,8076,02
Mailaender,201518,8077,2
abcdefg30,201518,8077,1
obrakmann,201518,8077,2
obrakmann,201519,8078,222
pchote,201519,8078,22
Mailaender,201519,8078,22
abcdefg30,201521,8078,12
Mailaender,201521,8078,2
Phrohdoh,201524,8078,2
abcdefg30,201518,8079,2
